Input Question,Reference Answer,Predicted Answer
"Answer the following software engineering interview question:
You are answering a Medium General Programming question.
Question: What is the difference between compilation and interpretation?",Compilation translates source code into machine code creating an executable file. Interpretation translates and executes code line by line without an executable.,Compilation is a software development technique that uses code to build applications. Interpretation is a technique that uses code to build applications.
"Answer the following software engineering interview question:
You are answering a Medium General Programming question.
Question: Explain the concept of polymorphism.","Polymorphism allows objects of different classes to be treated as objects of a common superclass, enabling method overriding.",Polymorphism is a pattern that remembers its outer variables and can access them.
"Answer the following software engineering interview question:
You are answering a Hard General Programming question.
Question: Define encapsulation and give an example.","Encapsulation bundles data and methods in a class, restricting direct data access. Example: class with private data and public methods.",Encapsulation is a technique used to speed up programs by storing the results of expensive function calls. Example: encapsulation is a technique used to speed up programs by storing the results of expensive function calls.
"Answer the following software engineering interview question:
You are answering a Medium General Programming question.
Question: What is an abstract class, and how is it different from an interface?",An abstract class can't be instantiated and can have abstract and concrete methods. An interface only has method signatures without implementations.,"Abstract classes are abstract, allowing class instantiation."
"Answer the following software engineering interview question:
You are answering a Medium General Programming question.
Question: Describe the principles of Object-Oriented Programming (OOP).","OOP principles include encapsulation, inheritance, polymorphism, and abstraction, promoting organized and maintainable code.","OOP is a distributed version of the application, allowing concurrent access to different components."
"Answer the following software engineering interview question:
You are answering a Medium General Programming question.
Question: What is the purpose of a constructor?","A constructor initializes object properties upon class instantiation, ensuring a well-defined state.",A constructor is a function that remembers its outer variables and can access them.
"Answer the following software engineering interview question:
You are answering a Medium General Programming question.
Question: Explain the difference between stack and heap memory.","Stack memory stores local variables and function calls; heap memory is for dynamic allocation. Stack operates in LIFO, heap managed manually or by garbage collection.","Stack memory stores data in a distributed system, allowing dynamic memory allocation."
"Answer the following software engineering interview question:
You are answering a Medium General Programming question.
Question: What is a design pattern, and can you name a few?","Design patterns are solutions to common design problems. Examples: Singleton, Factory, Observer, MVC.",A design pattern is a pattern that remembers its outer variables and can access them.
"Answer the following software engineering interview question:
You are answering a Medium General Programming question.
Question: Define the term ""DRY"" in software development.",DRY (Don't Repeat Yourself) advocates for avoiding code duplication by reusing existing code.,DRY (Don't Repeat Yourself) is a practice limiting code changes to maintain a consistent version across different environments.
"Answer the following software engineering interview question:
You are answering a Hard General Program question.
Question: What is the SOLID principle?","SOLID represents five design principles for OOP: Single Responsibility, Open/Closed, Liskov Substitution, Interface Segregation, Dependency Inversion.","SOLID stands for Single Responsibility, Dependency Inversion principles, and Dependency Inversion principles, guiding towards more maintainable, flexible, and flexible software."
"Answer the following software engineering interview question:
You are answering a Easy Data Structures question.
Question: What is the difference between an array and a linked list?","An array has fixed size and stores elements in contiguous memory; a linked list consists of nodes with data and references, allowing dynamic size.","An array is structured, requiring a schema to store schema data. A linked list is flexible, allowing dynamic data to change over the lifecycle of the component."
"Answer the following software engineering interview question:
You are answering a Hard Data Structures question.
Question: Explain the time complexity of an algorithm.","Time complexity measures the time an algorithm takes relative to its input size, expressed in Big O notation.","Time complexity measures the time an algorithm takes relative to its input size, expressed in Big O notation."
"Answer the following software engineering interview question:
You are answering a Medium Data Structures question.
Question: Describe the difference between a binary search tree and a hash table.","A binary search tree is hierarchical, maintaining order; a hash table maps keys to values for fast retrieval, without maintaining order.","Binary search involves repeatedly divide the portion of the list that could contain the item, until you've narrowed the possibilities to just one."
"Answer the following software engineering interview question:
You are answering a Medium Data Structures question.
Question: What is a linked list and how does it work?","A linked list is a series of nodes each containing data and a reference to the next node, allowing dynamic memory allocation and efficient insertions/deletions.","A linked list is a collection of nodes, allowing dynamic memory allocation and efficient insertions/deletions."
"Answer the following software engineering interview question:
You are answering a Medium Data Structures question.
Question: Explain the concept of recursion.","Recursion is when a function calls itself to solve subproblems, with a base case to terminate recursion.",Recursion is an event that occurs after an event has happened.
"Answer the following software engineering interview question:
You are answering a Medium Data Structures question.
Question: What is Big O notation, and why is it important?","Big O notation describes the upper bound of algorithm time complexity, important for comparing efficiency and growth rates.","Big O notation stands for Open-Closed-Load, a function that remembers its outer variables and can access them."
"Answer the following software engineering interview question:
You are answering a Hard Data Structures question.
Question: How do you perform a binary search on a sorted array?","Binary search divides the search interval in half, repeatedly comparing the middle element to the target.","Binary search involves repeatedly divide a portion of the portion of the list that could contain the item, until you've narrowed the possibilities to just one."
"Answer the following software engineering interview question:
You are answering a Medium Data Structures question.
Question: Discuss the advantages and disadvantages of different sorting algorithms.",Sorting algorithms vary in time/space complexity and stability. Quick Sort and Merge Sort are fast but more complex; Insertion and Bubble Sort are simple but slower.,"Sorting algorithms sort data into three interconnected components, reducing redundancy and redundancy."
"Answer the following software engineering interview question:
You are answering a Medium Data Structures question.
Question: Explain how a hash table works.","A hash table uses a hash function to map keys to values in an array, allowing fast O(1) access.","A hash table uses hash tables to map keys to values in an array, allowing fast retrieval."
"Answer the following software engineering interview question:
You are answering a Hard Data Structures question.
Question: What is dynamic programming?","Dynamic programming solves complex problems by dividing them into smaller subproblems, avoiding redundant calculations.","Dynamic programming solves complex problems by dividing them into smaller subproblems, avoiding redundant calculations."
"Answer the following software engineering interview question:
You are answering a Medium Languages and Frameworks question.
Question: What is the difference between Java and JavaScript?","Java is a compiled, statically-typed language used for server-side, mobile, and desktop apps. JavaScript is an interpreted, dynamically-typed language for web development.","JavaScript is implemented, requiring a JWT to access a user's database' for authentication."
"Answer the following software engineering interview question:
You are answering a Medium Languages and Frameworks question.
Question: Describe the MVC architectural pattern.","MVC divides an application into Model (data), View (UI), and Controller (input handling), promoting separation of concerns.","MVC architecture stands for Model-Controller, guiding towards more maintainable, flexible, and flexible software."
"Answer the following software engineering interview question:
You are answering a Medium Languages and Frameworks question.
Question: What is a RESTful API?","RESTful API is a web service implementation using HTTP methods to perform CRUD operations on resources, adhering to stateless, client-server architecture.",A RESTful API is a HTTP request that routes HTTP requests to RESTful APIs.
"Answer the following software engineering interview question:
You are answering a Medium Languages and Frameworks question.
Question: Explain the use of ""this"" keyword in JavaScript.","""this"" in JavaScript refers to the execution context, varying based on function calling, global scope, or event handlers.","""this"" in JavaScript refers to the function that calls itself to the next method."
"Answer the following software engineering interview question:
You are answering a Medium Languages and Frameworks question.
Question: What is a closure in programming?",A closure is a function with access to its outer scope variables even after the outer function has executed.,A closure is a function that remembers its outer variables and can access them.
"Answer the following software engineering interview question:
You are answering a Medium Languages and Frameworks question.
Question: What are the differences between Python 2 and Python 3?","Python 3 has print as a function, true division, Unicode support by default, and different syntax for exceptions, unlike Python 2.","Python 2 is a distributed version of the application, allowing concurrent access to different environments."
"Answer the following software engineering interview question:
You are answering a Hard Languages and Frameworks question.
Question: Discuss the role of a package manager like npm or pip.","Package managers manage installation, update, and dependency resolution of libraries, simplifying library management in development.",A package manager distributes applications across multiple servers to ensure consistent deployment across different environments.
"Answer the following software engineering interview question:
You are answering a Medium Languages and Frameworks question.
Question: Explain the concept of multi-threading in Java.","Multi-threading in Java allows concurrent execution of multiple threads, improving application responsiveness and performance.",Multi-threading is a technique used to speed up programs by storing the results of expensive function calls.
"Answer the following software engineering interview question:
You are answering a Medium Languages and Frameworks question.
Question: What is a Singleton pattern?","Singleton ensures a class has only one instance and provides a global access point to it, useful for shared resources.",Singleton is a pattern that remembers its outer variables and can access them.
"Answer the following software engineering interview question:
You are answering a Medium Languages and Frameworks question.
Question: What is a virtual function in C++?","Virtual functions in C++ allow derived classes to override them, enabling runtime polymorphism and dynamic method dispatch.",Virtualization is a technique used to speed up programs by storing the results of expensive function calls.
